{"OWkYTO+mUbhMvP3wGDhieA==":"gopr9799-1812x1359.jpg","7TqyFMGxqn2O765BxmR8YQ==":"whatsapp%2520image%25202025-10-02%2520at%252017.25.21-718x1599.jpg","u1nqqUv80YO/Bcl7IQPfcg==":"whatsapp%2520image%25202025-10-02%2520at%252017.25.21%2520(1)-561x1249.jpg","9u4lstg8ASuAGevescyJEQ==":"whatsapp%20image%202025-10-02%20at%2017.25.22%20(1)-561x1249.jpg","TdQjCXbGXGAnEMJR3xToCQ==":"whatsapp%20image%202025-10-02%20at%2017.25.22%20(2)-561x1249.jpg","NViyPtt9NfN8pAd1eQxYfA==":"whatsapp%20image%202025-10-02%20at%2017.25.22-561x1249.jpg","oI8SZSznhZIYfN7ssGsDfg==":"whatsapp%20image%202025-10-03%20at%2017.57.54%20(1)-561x253.jpg","WKRfUrlIc5tKvldSGqnTsw==":"whatsapp%20image%202025-10-03%20at%2017.57.54-561x253.jpg","L99VIpx3PxVQiHaq/90ehA==":"whatsapp%20image%202025-10-03%20at%2017.57.55-561x421.jpg","CN1Mg0OLO87+Mzce0UVkyg==":"whatsapp%20image%202025-10-02%20at%2017.25.21%20(1)-718x1599.jpg","q9R8yWniUIi3oDIgEHfmkw==":"whatsapp%20image%202025-10-02%20at%2017.25.22%20(1)-718x1599.jpg","rNRHr0GlBwtyBYrnKCYr2A==":"whatsapp%20image%202025-10-02%20at%2017.25.22%20(2)-718x1599.jpg","MdBpD3tsEaw9khI4N58hzw==":"whatsapp%20image%202025-10-02%20at%2017.25.22-718x1599.jpg","+aI2rXToW0hiZkgrLaUSIA==":"gopr9779-4000x3000.jpg","LYgI3vF1ZrwqHIPg+iIVzA==":"gopr9781-4000x3000.jpg","YwhPb3KiXRJm4An3/kcJag==":"gopr9782-4000x3000.jpg","8vUZ3n/QD+Gb2eD57LTcig==":"gopr9783-4000x3000.jpg","r+ZJpG6ZvJaKjei/C8YrpQ==":"gopr9784-4000x3000.jpg","gOHe4hJtsQx1+4I7c3YfOw==":"gopr9785-4000x3000.jpg","AXWVJbFN44LrOjqTrBl5qg==":"gopr9787-4000x3000.jpg","RmZdO3yh0BoQg8718Bab8A==":"gopr9797-4000x3000.jpg","dwklHSti+623ucWmL32AqA==":"gopr9798-4000x3000.jpg","/sQByRjLKwE9XeWueu0KgQ==":"gopr9799-4000x3000.jpg","6OEnkOSmBmpm+oBUI/Ak4Q==":"gopr9801-4000x3000.jpg","1Okl4exvVbV83KoAkNByiw==":"gopr9802-4000x3000.jpg","0yJq6kroas2u7MeSujZE/g==":"gopr9803-4000x3000.jpg","QWUB7GTHo8fuuXxpWNxrDw==":"gopr9811-4000x3000.jpg","pz0XoS69oPfztzd2eRtBUg==":"gopr9812-4000x3000.jpg","Og8ha81ygwpSvlMPQQfDJg==":"gopr9813-4000x3000.jpg","swSN0PmTRh7WNetsfXs4bQ==":"gopr9814-4000x3000.jpg","zuepqBfHmLg2CkY8iZCPmQ==":"gopr9816-4000x3000.jpg","fdQpdsH7yfmk9B/qrCZfVg==":"gopr9817-4000x3000.jpg","8KVBdyJH170d8KMTURQ0Uw==":"gopr9818-4000x3000.jpg","0iHGG8E70Gl/tumAEfAakQ==":"office-1280x540.jpg","CGPb/vmcTP03S7xdeg7xLw==":"goto-indonesia-100-x-100-px-3-100x100.png","dHprrrDRb/Y9u0eXd+tmnw==":"screenshot202025-06-820084943-190x172.png","zbDURX7EINgumTN9QAPMvA==":"gopr9779%20(copy)-1024x768.jpg","8voDlg0+2LaXlltr6ltVRg==":"gopr9781%20(copy)-1024x768.jpg","oG6EOJRLVEJsVkrMYEfW4w==":"gopr9782%20(copy)-1024x768.jpg","ReBiDBoD1CDGBUdrA6hhoA==":"gopr9784%20(copy)-1024x768.jpg","zi+k7lfTCHG2WS2enoN9dA==":"gopr9798%20(copy)-1024x768.jpg","j0s9I13rq1VXhn2xvH+zew==":"gopr9799%20(copy)-1024x768.jpg","sU6bXyVBfhgmb5cmqkc3Xg==":"gopr9801%20(copy)-1024x768.jpg","bhuLm3c8LujztzNjoK/rUA==":"gopr9802%20(copy)-1024x768.jpg","rBejB1tZJyreQh26D1VNbA==":"gopr9803%20(copy)-1024x768.jpg","OoU+mKV4Pzf5A8pqT3yn/A==":"gopr9811%20(copy)-1024x768.jpg","wx/6Ys9f6SuSQgTfU1uJ2A==":"gopr9812%20(copy)-1024x768.jpg","D8L++DgtY6L4rClMPyt5ww==":"gopr9813%20(copy)-1024x768.jpg","xD05Q7PrTNdAJecnO2peag==":"gopr9814%20(copy)-1024x768.jpg","d13JmqEbeP7QZ0y+OKh4jQ==":"gopr9818%20(copy)-1024x768.jpg","4h3u/Ggk7qIS/yFocJRPng==":"gopr9816%20(copy)-1024x768.jpg","CJ4WQg16zeF8qgAP0tTXwQ==":"whatsapp%20image%202025-10-03%20at%2017.57.54%20(1)-1600x721.jpg","7gTQCvzoHJI/YvAS8NZXRg==":"whatsapp%20image%202025-10-03%20at%2017.57.54-1600x721.jpg","nHgzVUZagWH3oBtHaZl05g==":"whatsapp%20image%202025-10-03%20at%2017.57.55-1599x1200.jpg","USg4M/6nxWsybbhPVAbn6w==":"untitled-294x283.png","2FgDW7KIMYNZgUMLP35yEA==":"product2.jpeg","TN5pNRWEuH1KWlQnSthI0g==":"product2-1.jpeg","oRC98oWB+iqqeOEjAXkwaQ==":"img20251007171123-4080x3072.jpg","kLK+uxXiBIpDvK6UIo8FwQ==":"img20251007171105%20(copy)-1000x753.jpg","fRKazNZRiXa4H0Ypn/v7VA==":"screenshot%25202025-10-11%2520194440-206x169.png","oqfpt0itqrEs5iFA1YwIQg==":"screenshot%25202025-10-11%2520194440-468x384.png","30OxXXEJvC0yGLgSWrm3gg==":"screenshot%25202025-10-11%2520194440-327x268.jpg","7lrPdWcdBlETH3J5CELBMA==":"screenshot%25202025-10-11%2520194440-327x268.jpeg","yIDMl67UGkTxcqFUd4pQ/w==":"screenshot%25202025-10-11%2520194440-327x268.jpeg","hTqVzVmrkMr7XpbkInlFhA==":"screenshot%25202025-10-11%2520194440-468x384.png","m5U3jDVrpSL5t+GU2eHOhg==":"1zjxjmca_400x400-353x353.jpg","VKFvGgWQkwLT5FSwTlc+Dg==":"cropped_circle_image-185x185.png","HOKrfAqPCfIbiK6DGIi9CA==":"img20251007171123-copy-1000x753.jpg","HfSsRBhJosUlcTOMUdszVw==":"img20251007171117%2520(copy)-558x420.jpg","H9C2aDTf89b9RoRdiET/Pw==":"whatsapp%2520image%25202025-10-14%2520at%252018.23.37-558x744.jpg","JDt/kok6udeghqB1iBjMtA==":"whatsapp%2520image%25202025-10-14%2520at%252018.23.37%2520(1)-558x744.jpg","pwFjRJ8nZMlpc39mCu3eNg==":"whatsapp%2520image%25202025-10-14%2520at%252018.23.36-558x744.jpg","HSi43Y0gBW4ia0gDNtupww==":"whatsapp%2520image%25202025-10-12%2520at%252005.18.46-1536x2048.jpg","N11U3ismPeeXrUTNrNJnug==":"whatsapp%2520image%25202025-10-14%2520at%252018.28.32-1024x682.jpg","zZamVJn8fWm2xCZIoezCTQ==":"whatsapp%2520image%25202025-10-14%2520at%252018.28.32-1024x682.jpeg","ZZjpFXX/OVLTkR1V2BlASg==":"guest-cabin-558x303.jpg","lx/LgYoyx+2k7X/shRu41w==":"lower-deck-558x303.jpg","RqVSlNXb1Hmlg04xItOWxw==":"open-trip-athira-qp9cox3qlli02o4fl3rp9m8m1b6twropwo4e4ca5xw-558x359.jpg","5KtI1CYX4jc3mPQY//rSig==":"trip-labuan-bajo-3-hari-qrphqf5z7r2r15ecixo4fp8cdaijy9w207kdc527pw-558x359.jpg","VCBZy/SYNf1U4K3NA2BhdA==":"1724828538-558x744.png","HCk33sLqt5PKRJCpAYBnJA==":"1724923140-558x744.jpg","aVvmR0yVZqxp0cVdcqI4kw==":"1724923195-558x744.png","WPMSwLVMfOaQfM5VZY7Dwg==":"1725158593-558x744.png","nKzzmIX8RndBMg/ax1sIzw==":"1725158666-768x1024.png","tSQjpLGI4bbAcjv2nuZ22g==":"1725158729-768x1024.png","mnWGjCM5mPeuEy2bTzUlrw==":"1726044668-853x478.jpg"}